url,in_repo,in_sitemap,in_nav,in_footer
https://www.elevateforhumanity.org/,yes,yes,yes,yes
https://www.elevateforhumanity.org/about,yes,yes,yes,yes
https://www.elevateforhumanity.org/about/mission,yes,yes,no,no
https://www.elevateforhumanity.org/about/partners,yes,yes,no,no
https://www.elevateforhumanity.org/about/team,yes,yes,no,no
https://www.elevateforhumanity.org/academic-calendar,yes,yes,yes,yes
https://www.elevateforhumanity.org/academic-integrity,yes,yes,no,no
https://www.elevateforhumanity.org/accessibility,yes,yes,yes,yes
https://www.elevateforhumanity.org/accreditation,yes,yes,no,no
https://www.elevateforhumanity.org/achievements,yes,yes,no,no
https://www.elevateforhumanity.org/advising,yes,yes,no,no
https://www.elevateforhumanity.org/agencies,yes,yes,no,no
https://www.elevateforhumanity.org/ai,yes,yes,no,no
https://www.elevateforhumanity.org/ai-chat,yes,yes,no,no
https://www.elevateforhumanity.org/ai-studio,yes,yes,no,no
https://www.elevateforhumanity.org/ai-tutor,yes,yes,no,no
https://www.elevateforhumanity.org/ai/course-builder,yes,yes,no,no
https://www.elevateforhumanity.org/ai/generate-asset,yes,yes,no,no
https://www.elevateforhumanity.org/ai/instructor,yes,yes,no,no
https://www.elevateforhumanity.org/ai/job-match,yes,yes,no,no
https://www.elevateforhumanity.org/alumni,yes,yes,no,no
https://www.elevateforhumanity.org/app-hub,yes,yes,no,no
https://www.elevateforhumanity.org/application-success,yes,yes,no,no
https://www.elevateforhumanity.org/apply,yes,yes,no,no
https://www.elevateforhumanity.org/apply/employer,yes,yes,no,no
https://www.elevateforhumanity.org/apply/employer/success,yes,yes,no,no
https://www.elevateforhumanity.org/apply/instructor,yes,yes,no,no
https://www.elevateforhumanity.org/apply/program-holder,yes,yes,yes,yes
https://www.elevateforhumanity.org/apply/staff,yes,yes,no,no
https://www.elevateforhumanity.org/apply/staff/success,yes,yes,no,no
https://www.elevateforhumanity.org/apply/student,yes,yes,yes,yes
https://www.elevateforhumanity.org/apply/success,yes,yes,no,no
https://www.elevateforhumanity.org/apply/track,yes,yes,no,no
https://www.elevateforhumanity.org/apprentice,yes,yes,no,no
https://www.elevateforhumanity.org/apprentice/documents,yes,yes,no,no
https://www.elevateforhumanity.org/apprentice/handbook,yes,yes,no,no
https://www.elevateforhumanity.org/apprentice/hours,yes,yes,no,no
https://www.elevateforhumanity.org/apprentice/hours/history,yes,yes,no,no
https://www.elevateforhumanity.org/apprentice/hours/log,yes,yes,no,no
https://www.elevateforhumanity.org/apprentice/skills,yes,yes,no,no
https://www.elevateforhumanity.org/apprentice/state-board,yes,yes,no,no
https://www.elevateforhumanity.org/apprentice/timeclock,yes,yes,no,no
https://www.elevateforhumanity.org/apprentice/transfer-hours,yes,yes,no,no
https://www.elevateforhumanity.org/apprentice/transfer-hours/request,yes,yes,no,no
https://www.elevateforhumanity.org/apprenticeships,yes,yes,no,no
https://www.elevateforhumanity.org/apprenticeships/ipla-exam,yes,yes,no,no
https://www.elevateforhumanity.org/apps,yes,yes,no,no
https://www.elevateforhumanity.org/apps/grants,yes,yes,no,no
https://www.elevateforhumanity.org/apps/grants/settings,yes,yes,no,no
https://www.elevateforhumanity.org/apps/grants/start-trial,yes,yes,no,no
https://www.elevateforhumanity.org/apps/sam-gov,yes,yes,no,no
https://www.elevateforhumanity.org/apps/sam-gov/settings,yes,yes,no,no
https://www.elevateforhumanity.org/apps/sam-gov/start-trial,yes,yes,no,no
https://www.elevateforhumanity.org/apps/website-builder,yes,yes,no,no
https://www.elevateforhumanity.org/apps/website-builder/settings,yes,yes,no,no
https://www.elevateforhumanity.org/apps/website-builder/start-trial,yes,yes,no,no
https://www.elevateforhumanity.org/attendance-policy,yes,yes,no,no
https://www.elevateforhumanity.org/banking,yes,yes,no,no
https://www.elevateforhumanity.org/banking/direct-deposit,yes,yes,no,no
https://www.elevateforhumanity.org/banking/prepaid-card,yes,yes,no,no
https://www.elevateforhumanity.org/banking/refund-advance,yes,yes,no,no
https://www.elevateforhumanity.org/barber-apprenticeship,yes,yes,no,no
https://www.elevateforhumanity.org/blog,yes,yes,no,no
https://www.elevateforhumanity.org/blog/search,yes,yes,no,no
https://www.elevateforhumanity.org/booking,yes,yes,no,no
https://www.elevateforhumanity.org/booking/enrollment,yes,yes,no,no
https://www.elevateforhumanity.org/calculator/revenue-share,yes,yes,no,no
https://www.elevateforhumanity.org/calendar,yes,yes,no,no
https://www.elevateforhumanity.org/call-now,yes,yes,no,no
https://www.elevateforhumanity.org/card,yes,yes,no,no
https://www.elevateforhumanity.org/career-center,yes,yes,no,no
https://www.elevateforhumanity.org/career-counseling,yes,yes,no,no
https://www.elevateforhumanity.org/career-services,yes,yes,yes,yes
https://www.elevateforhumanity.org/career-services/career-counseling,yes,yes,no,no
https://www.elevateforhumanity.org/career-services/contact,yes,yes,no,no
https://www.elevateforhumanity.org/career-services/courses,yes,yes,no,no
https://www.elevateforhumanity.org/career-services/courses/my-courses,yes,yes,no,no
https://www.elevateforhumanity.org/career-services/courses/success,yes,yes,no,no
https://www.elevateforhumanity.org/career-services/interview-prep,yes,yes,no,no
https://www.elevateforhumanity.org/career-services/job-placement,yes,yes,no,no
https://www.elevateforhumanity.org/career-services/jobs,yes,yes,no,no
https://www.elevateforhumanity.org/career-services/networking-events,yes,yes,no,no
https://www.elevateforhumanity.org/career-services/ongoing-support,yes,yes,no,no
https://www.elevateforhumanity.org/career-services/resources,yes,yes,no,no
https://www.elevateforhumanity.org/career-services/resume-building,yes,yes,no,no
https://www.elevateforhumanity.org/career-training-illinois,yes,yes,no,no
https://www.elevateforhumanity.org/career-training-indiana,yes,yes,no,no
https://www.elevateforhumanity.org/career-training-ohio,yes,yes,no,no
https://www.elevateforhumanity.org/career-training-tennessee,yes,yes,no,no
https://www.elevateforhumanity.org/career-training-texas,yes,yes,no,no
https://www.elevateforhumanity.org/careers,yes,yes,no,no
https://www.elevateforhumanity.org/cert/verify,yes,yes,no,no
https://www.elevateforhumanity.org/certificates,yes,yes,no,no
https://www.elevateforhumanity.org/certificates/verify,yes,yes,no,no
https://www.elevateforhumanity.org/certifications,yes,yes,no,no
https://www.elevateforhumanity.org/chat,yes,yes,no,no
https://www.elevateforhumanity.org/check-eligibility,yes,yes,no,no
https://www.elevateforhumanity.org/client-portal,yes,yes,no,no
https://www.elevateforhumanity.org/client-portal/demo,yes,yes,no,no
https://www.elevateforhumanity.org/client-portal/signup,yes,yes,no,no
https://www.elevateforhumanity.org/cm,yes,yes,no,no
https://www.elevateforhumanity.org/community,yes,yes,no,no
https://www.elevateforhumanity.org/community-services,yes,yes,no,no
https://www.elevateforhumanity.org/community-services-illinois,yes,yes,no,no
https://www.elevateforhumanity.org/community-services-indiana,yes,yes,no,no
https://www.elevateforhumanity.org/community-services-ohio,yes,yes,no,no
https://www.elevateforhumanity.org/community-services-tennessee,yes,yes,no,no
https://www.elevateforhumanity.org/community-services-texas,yes,yes,no,no
https://www.elevateforhumanity.org/community/about,yes,yes,no,no
https://www.elevateforhumanity.org/community/admins,yes,yes,no,no
https://www.elevateforhumanity.org/community/classroom,yes,yes,no,no
https://www.elevateforhumanity.org/community/communityhub,yes,yes,no,no
https://www.elevateforhumanity.org/community/developers,yes,yes,no,no
https://www.elevateforhumanity.org/community/discussions,yes,yes,no,no
https://www.elevateforhumanity.org/community/discussions/career,yes,yes,no,no
https://www.elevateforhumanity.org/community/discussions/general,yes,yes,no,no
https://www.elevateforhumanity.org/community/discussions/new,yes,yes,no,no
https://www.elevateforhumanity.org/community/discussions/study-groups,yes,yes,no,no
https://www.elevateforhumanity.org/community/events,yes,yes,no,no
https://www.elevateforhumanity.org/community/events/create,yes,yes,no,no
https://www.elevateforhumanity.org/community/forum,yes,yes,no,no
https://www.elevateforhumanity.org/community/groups,yes,yes,no,no
https://www.elevateforhumanity.org/community/groups/create,yes,yes,no,no
https://www.elevateforhumanity.org/community/join,yes,yes,no,no
https://www.elevateforhumanity.org/community/leaderboard,yes,yes,no,no
https://www.elevateforhumanity.org/community/marketplace,yes,yes,no,no
https://www.elevateforhumanity.org/community/marketplace/courses,yes,yes,no,no
https://www.elevateforhumanity.org/community/marketplace/products,yes,yes,no,no
https://www.elevateforhumanity.org/community/members,yes,yes,no,no
https://www.elevateforhumanity.org/community/teachers,yes,yes,no,no
https://www.elevateforhumanity.org/compliance,yes,yes,no,no
https://www.elevateforhumanity.org/compliance/report,yes,yes,no,no
https://www.elevateforhumanity.org/connect,yes,yes,no,no
https://www.elevateforhumanity.org/consumer-education,yes,yes,no,no
https://www.elevateforhumanity.org/contact,yes,yes,yes,yes
https://www.elevateforhumanity.org/contracts,yes,yes,no,no
https://www.elevateforhumanity.org/contracts/branding-addendum,yes,yes,no,no
https://www.elevateforhumanity.org/contracts/data-sharing,yes,yes,no,no
https://www.elevateforhumanity.org/contracts/employer-agreement,yes,yes,no,no
https://www.elevateforhumanity.org/contracts/master-license,yes,yes,no,no
https://www.elevateforhumanity.org/contracts/workforce-mou,yes,yes,no,no
https://www.elevateforhumanity.org/cookies,yes,yes,no,no
https://www.elevateforhumanity.org/copyright,yes,yes,no,no
https://www.elevateforhumanity.org/courses,yes,yes,no,no
https://www.elevateforhumanity.org/courses/capital-readiness,yes,yes,no,no
https://www.elevateforhumanity.org/courses/careersafe,yes,yes,no,no
https://www.elevateforhumanity.org/courses/catalog,yes,yes,no,no
https://www.elevateforhumanity.org/courses/coursedetail,yes,yes,no,no
https://www.elevateforhumanity.org/courses/hsi,yes,yes,no,no
https://www.elevateforhumanity.org/courses/hsi/success,yes,yes,no,no
https://www.elevateforhumanity.org/courses/nds,yes,yes,no,no
https://www.elevateforhumanity.org/courses/nrf,yes,yes,no,no
https://www.elevateforhumanity.org/courses/partners,yes,yes,no,no
https://www.elevateforhumanity.org/create-course,yes,yes,no,no
https://www.elevateforhumanity.org/creator,yes,yes,no,no
https://www.elevateforhumanity.org/creator/analytics,yes,yes,no,no
https://www.elevateforhumanity.org/creator/community,yes,yes,no,no
https://www.elevateforhumanity.org/creator/community/collaborate,yes,yes,no,no
https://www.elevateforhumanity.org/creator/community/events,yes,yes,no,no
https://www.elevateforhumanity.org/creator/community/forums,yes,yes,no,no
https://www.elevateforhumanity.org/creator/community/resources,yes,yes,no,no
https://www.elevateforhumanity.org/creator/courses,yes,yes,no,no
https://www.elevateforhumanity.org/creator/courses/new,yes,yes,no,no
https://www.elevateforhumanity.org/creator/dashboard,yes,yes,no,no
https://www.elevateforhumanity.org/creator/products,yes,yes,no,no
https://www.elevateforhumanity.org/creator/products/new,yes,yes,no,no
https://www.elevateforhumanity.org/credentials,yes,yes,no,no
https://www.elevateforhumanity.org/curvature-body-sculpting,yes,yes,no,no
https://www.elevateforhumanity.org/curvature-body-sculpting/apply,yes,yes,no,no
https://www.elevateforhumanity.org/curvature-body-sculpting/book-appointment,yes,yes,no,no
https://www.elevateforhumanity.org/curvature-body-sculpting/careers,yes,yes,no,no
https://www.elevateforhumanity.org/curvature-body-sculpting/services,yes,yes,no,no
https://www.elevateforhumanity.org/curvature-body-sculpting/shop,yes,yes,no,no
https://www.elevateforhumanity.org/curvature-body-sculpting/shop/success,yes,yes,no,no
https://www.elevateforhumanity.org/directory,yes,yes,no,no
https://www.elevateforhumanity.org/disclosures,yes,yes,no,no
https://www.elevateforhumanity.org/dmca,yes,yes,no,no
https://www.elevateforhumanity.org/docs,yes,yes,no,no
https://www.elevateforhumanity.org/docs/ENV\_CONFIG.md,yes,yes,no,no
https://www.elevateforhumanity.org/docs/Indiana-Barbershop-Apprenticeship-MOU,yes,yes,no,no
https://www.elevateforhumanity.org/docs/admins,yes,yes,no,no
https://www.elevateforhumanity.org/docs/api,yes,yes,no,no
https://www.elevateforhumanity.org/docs/case-management,yes,yes,no,no
https://www.elevateforhumanity.org/docs/changelog,yes,yes,no,no
https://www.elevateforhumanity.org/docs/licensing-architecture,yes,yes,no,no
https://www.elevateforhumanity.org/docs/lms,yes,yes,no,no
https://www.elevateforhumanity.org/docs/program-holder-guide,yes,yes,no,no
https://www.elevateforhumanity.org/docs/program-holders,yes,yes,no,no
https://www.elevateforhumanity.org/docs/quickstart,yes,yes,no,no
https://www.elevateforhumanity.org/docs/reporting,yes,yes,no,no
https://www.elevateforhumanity.org/docs/students,yes,yes,no,no
https://www.elevateforhumanity.org/documents,yes,yes,no,no
https://www.elevateforhumanity.org/documents/upload,yes,yes,no,no
https://www.elevateforhumanity.org/donate,yes,yes,no,no
https://www.elevateforhumanity.org/donate/monthly,yes,yes,no,no
https://www.elevateforhumanity.org/donations,yes,yes,no,no
https://www.elevateforhumanity.org/drug-testing,yes,yes,no,no
https://www.elevateforhumanity.org/drug-testing-training,yes,yes,no,no
https://www.elevateforhumanity.org/drug-testing/dot-testing,yes,yes,no,no
https://www.elevateforhumanity.org/drug-testing/employer-programs,yes,yes,no,no
https://www.elevateforhumanity.org/drug-testing/hair-tests,yes,yes,no,no
https://www.elevateforhumanity.org/drug-testing/instant-tests,yes,yes,no,no
https://www.elevateforhumanity.org/drug-testing/success,yes,yes,no,no
https://www.elevateforhumanity.org/drug-testing/training,yes,yes,no,no
https://www.elevateforhumanity.org/drug-testing/urine-tests,yes,yes,no,no
https://www.elevateforhumanity.org/ecosystem,yes,yes,no,no
https://www.elevateforhumanity.org/educatorhub,yes,yes,no,no
https://www.elevateforhumanity.org/eligibility,yes,yes,no,no
https://www.elevateforhumanity.org/eligibility/quiz,yes,yes,no,no
https://www.elevateforhumanity.org/email,yes,yes,no,no
https://www.elevateforhumanity.org/employee,yes,yes,no,no
https://www.elevateforhumanity.org/employee/documents,yes,yes,no,no
https://www.elevateforhumanity.org/employee/payrol,yes,yes,no,no
https://www.elevateforhumanity.org/employee/payroll,yes,yes,no,no
https://www.elevateforhumanity.org/employee/payroll/history,yes,yes,no,no
https://www.elevateforhumanity.org/employee/time-off,yes,yes,no,no
https://www.elevateforhumanity.org/employee/time-off/request,yes,yes,no,no
https://www.elevateforhumanity.org/employer,yes,yes,yes,yes
https://www.elevateforhumanity.org/employer-portal,yes,yes,no,no
https://www.elevateforhumanity.org/employer-portal/analytics,yes,yes,no,no
https://www.elevateforhumanity.org/employer-portal/applications,yes,yes,no,no
https://www.elevateforhumanity.org/employer-portal/candidates,yes,yes,no,no
https://www.elevateforhumanity.org/employer-portal/company,yes,yes,no,no
https://www.elevateforhumanity.org/employer-portal/company/setup,yes,yes,no,no
https://www.elevateforhumanity.org/employer-portal/hiring-guide,yes,yes,no,no
https://www.elevateforhumanity.org/employer-portal/interviews,yes,yes,no,no
https://www.elevateforhumanity.org/employer-portal/jobs,yes,yes,no,no
https://www.elevateforhumanity.org/employer-portal/jobs/new,yes,yes,no,no
https://www.elevateforhumanity.org/employer-portal/messages,yes,yes,no,no
https://www.elevateforhumanity.org/employer-portal/programs,yes,yes,no,no
https://www.elevateforhumanity.org/employer-portal/settings,yes,yes,no,no
https://www.elevateforhumanity.org/employer/analytics,yes,yes,no,no
https://www.elevateforhumanity.org/employer/apprenticeships/new,yes,yes,no,no
https://www.elevateforhumanity.org/employer/candidates,yes,yes,no,no
https://www.elevateforhumanity.org/employer/compliance,yes,yes,no,no
https://www.elevateforhumanity.org/employer/dashboard,yes,yes,no,no
https://www.elevateforhumanity.org/employer/documents,yes,yes,no,no
https://www.elevateforhumanity.org/employer/documents/upload,yes,yes,no,no
https://www.elevateforhumanity.org/employer/jobs,yes,yes,no,no
https://www.elevateforhumanity.org/employer/opportunities,yes,yes,no,no
https://www.elevateforhumanity.org/employer/placements,yes,yes,no,no
https://www.elevateforhumanity.org/employer/post-job,yes,yes,no,no
https://www.elevateforhumanity.org/employer/reports,yes,yes,no,no
https://www.elevateforhumanity.org/employer/settings,yes,yes,no,no
https://www.elevateforhumanity.org/employer/shop/create,yes,yes,no,no
https://www.elevateforhumanity.org/employer/verification,yes,yes,no,no
https://www.elevateforhumanity.org/employers,yes,yes,no,no
https://www.elevateforhumanity.org/employers/apprenticeships,yes,yes,no,no
https://www.elevateforhumanity.org/employers/benefits,yes,yes,no,no
https://www.elevateforhumanity.org/employers/post-job,yes,yes,no,no
https://www.elevateforhumanity.org/employers/talent-pipeline,yes,yes,no,no
https://www.elevateforhumanity.org/enroll/confirmation,yes,yes,no,no
https://www.elevateforhumanity.org/enroll/payment,yes,yes,no,no
https://www.elevateforhumanity.org/enroll/success,yes,yes,no,no
https://www.elevateforhumanity.org/enrollment,yes,yes,no,no
https://www.elevateforhumanity.org/enrollment-agreement,yes,yes,no,no
https://www.elevateforhumanity.org/enrollment/confirmed,yes,yes,no,no
https://www.elevateforhumanity.org/enrollment/documents,yes,yes,no,no
https://www.elevateforhumanity.org/enrollment/orientation,yes,yes,no,no
https://www.elevateforhumanity.org/enterprise,yes,yes,no,no
https://www.elevateforhumanity.org/equal-opportunity,yes,yes,no,no
https://www.elevateforhumanity.org/events,yes,yes,no,no
https://www.elevateforhumanity.org/faq,yes,yes,yes,yes
https://www.elevateforhumanity.org/features,yes,yes,no,no
https://www.elevateforhumanity.org/federal-compliance,yes,yes,no,no
https://www.elevateforhumanity.org/ferpa,yes,yes,no,no
https://www.elevateforhumanity.org/ferpa/calendar,yes,yes,no,no
https://www.elevateforhumanity.org/ferpa/compliance,yes,yes,no,no
https://www.elevateforhumanity.org/ferpa/documentation,yes,yes,no,no
https://www.elevateforhumanity.org/ferpa/help,yes,yes,no,no
https://www.elevateforhumanity.org/ferpa/records,yes,yes,no,no
https://www.elevateforhumanity.org/ferpa/records/search,yes,yes,no,no
https://www.elevateforhumanity.org/ferpa/reports,yes,yes,no,no
https://www.elevateforhumanity.org/ferpa/reports/generate,yes,yes,no,no
https://www.elevateforhumanity.org/ferpa/requests,yes,yes,no,no
https://www.elevateforhumanity.org/ferpa/requests/new,yes,yes,no,no
https://www.elevateforhumanity.org/ferpa/training/complete,yes,yes,no,no
https://www.elevateforhumanity.org/file-manager,yes,yes,no,no
https://www.elevateforhumanity.org/financial-aid,yes,yes,yes,yes
https://www.elevateforhumanity.org/for-employers,yes,yes,no,no
https://www.elevateforhumanity.org/for/students,yes,yes,no,no
https://www.elevateforhumanity.org/forgot-password,yes,yes,no,no
https://www.elevateforhumanity.org/forms,yes,yes,no,no
https://www.elevateforhumanity.org/forms/barber-apprenticeship-inquiry,yes,yes,no,no
https://www.elevateforhumanity.org/forms/host-shop-inquiry,yes,yes,no,no
https://www.elevateforhumanity.org/founder,yes,yes,no,no
https://www.elevateforhumanity.org/franchise,yes,yes,no,no
https://www.elevateforhumanity.org/franchise/admin,yes,yes,no,no
https://www.elevateforhumanity.org/franchise/admin/offices,yes,yes,no,no
https://www.elevateforhumanity.org/franchise/admin/offices/new,yes,yes,no,no
https://www.elevateforhumanity.org/franchise/admin/preparers,yes,yes,no,no
https://www.elevateforhumanity.org/franchise/admin/reports/comparison,yes,yes,no,no
https://www.elevateforhumanity.org/franchise/admin/reports/preparers,yes,yes,no,no
https://www.elevateforhumanity.org/franchise/admin/reports/returns,yes,yes,no,no
https://www.elevateforhumanity.org/franchise/admin/reports/revenue,yes,yes,no,no
https://www.elevateforhumanity.org/franchise/admin/returns,yes,yes,no,no
https://www.elevateforhumanity.org/franchise/admin/settings,yes,yes,no,no
https://www.elevateforhumanity.org/franchise/apply,yes,yes,no,no
https://www.elevateforhumanity.org/franchise/office/clients,yes,yes,no,no
https://www.elevateforhumanity.org/franchise/office/clients/new,yes,yes,no,no
https://www.elevateforhumanity.org/franchise/office/commissions,yes,yes,no,no
https://www.elevateforhumanity.org/franchise/office/dashboard,yes,yes,no,no
https://www.elevateforhumanity.org/franchise/office/ero-queue,yes,yes,no,no
https://www.elevateforhumanity.org/franchise/office/fees,yes,yes,no,no
https://www.elevateforhumanity.org/franchise/office/payouts,yes,yes,no,no
https://www.elevateforhumanity.org/franchise/office/preparers,yes,yes,no,no
https://www.elevateforhumanity.org/franchise/office/preparers/new,yes,yes,no,no
https://www.elevateforhumanity.org/franchise/office/returns,yes,yes,no,no
https://www.elevateforhumanity.org/franchise/office/returns/new,yes,yes,no,no
https://www.elevateforhumanity.org/franchise/office/settings,yes,yes,no,no
https://www.elevateforhumanity.org/fssa-partnership-request,yes,yes,no,no
https://www.elevateforhumanity.org/funding,yes,yes,yes,yes
https://www.elevateforhumanity.org/funding-impact,yes,yes,no,no
https://www.elevateforhumanity.org/funding/dol,yes,yes,no,no
https://www.elevateforhumanity.org/funding/federal-programs,yes,yes,no,no
https://www.elevateforhumanity.org/funding/grant-programs,yes,yes,no,no
https://www.elevateforhumanity.org/funding/how-it-works,yes,yes,no,no
https://www.elevateforhumanity.org/funding/jri,yes,yes,no,no
https://www.elevateforhumanity.org/funding/state-programs,yes,yes,no,no
https://www.elevateforhumanity.org/funding/success,yes,yes,no,no
https://www.elevateforhumanity.org/funding/wioa,yes,yes,no,no
https://www.elevateforhumanity.org/funding/wrg,yes,yes,no,no
https://www.elevateforhumanity.org/fundingimpact,yes,yes,no,no
https://www.elevateforhumanity.org/generate,yes,yes,no,no
https://www.elevateforhumanity.org/getstarted,yes,yes,no,no
https://www.elevateforhumanity.org/governance,yes,yes,yes,yes
https://www.elevateforhumanity.org/governance/authoritative-docs,yes,yes,no,no
https://www.elevateforhumanity.org/governance/compliance,yes,yes,no,no
https://www.elevateforhumanity.org/governance/contact,yes,yes,no,no
https://www.elevateforhumanity.org/governance/data,yes,yes,no,no
https://www.elevateforhumanity.org/governance/operational-controls,yes,yes,no,no
https://www.elevateforhumanity.org/governance/security,yes,yes,no,no
https://www.elevateforhumanity.org/governance/seo-indexing,yes,yes,no,no
https://www.elevateforhumanity.org/government,yes,yes,no,no
https://www.elevateforhumanity.org/grants,yes,yes,no,no
https://www.elevateforhumanity.org/grievance,yes,yes,no,no
https://www.elevateforhumanity.org/groups,yes,yes,no,no
https://www.elevateforhumanity.org/help,yes,yes,yes,yes
https://www.elevateforhumanity.org/help/admin,yes,yes,no,no
https://www.elevateforhumanity.org/help/articles,yes,yes,no,no
https://www.elevateforhumanity.org/help/articles/certificates,yes,yes,no,no
https://www.elevateforhumanity.org/help/articles/certifications,yes,yes,no,no
https://www.elevateforhumanity.org/help/articles/financial-aid,yes,yes,no,no
https://www.elevateforhumanity.org/help/articles/how-to-enroll,yes,yes,no,no
https://www.elevateforhumanity.org/help/articles/reset-password,yes,yes,no,no
https://www.elevateforhumanity.org/help/instructors,yes,yes,no,no
https://www.elevateforhumanity.org/help/tutorials,yes,yes,no,no
https://www.elevateforhumanity.org/hire-graduates,yes,yes,no,no
https://www.elevateforhumanity.org/how-it-works,yes,yes,yes,yes
https://www.elevateforhumanity.org/hub,yes,yes,no,no
https://www.elevateforhumanity.org/hub/about,yes,yes,no,no
https://www.elevateforhumanity.org/hub/calendar,yes,yes,no,no
https://www.elevateforhumanity.org/hub/classroom,yes,yes,no,no
https://www.elevateforhumanity.org/hub/leaderboard,yes,yes,no,no
https://www.elevateforhumanity.org/hub/members,yes,yes,no,no
https://www.elevateforhumanity.org/hub/welcome,yes,yes,no,no
https://www.elevateforhumanity.org/impact,yes,yes,no,no
https://www.elevateforhumanity.org/import,yes,yes,no,no
https://www.elevateforhumanity.org/industries,yes,yes,no,no
https://www.elevateforhumanity.org/industries/healthcare,yes,yes,no,no
https://www.elevateforhumanity.org/inquiry,yes,yes,no,no
https://www.elevateforhumanity.org/inquiry/success,yes,yes,no,no
https://www.elevateforhumanity.org/instructor,yes,yes,no,no
https://www.elevateforhumanity.org/instructor/analytics,yes,yes,no,no
https://www.elevateforhumanity.org/instructor/campaigns,yes,yes,no,no
https://www.elevateforhumanity.org/instructor/courses,yes,yes,no,no
https://www.elevateforhumanity.org/instructor/dashboard,yes,yes,no,no
https://www.elevateforhumanity.org/instructor/programs,yes,yes,no,no
https://www.elevateforhumanity.org/instructor/settings,yes,yes,no,no
https://www.elevateforhumanity.org/instructor/students,yes,yes,no,no
https://www.elevateforhumanity.org/instructor/students/new,yes,yes,no,no
https://www.elevateforhumanity.org/jri,yes,yes,no,no
https://www.elevateforhumanity.org/kingdom-konnect,yes,yes,no,no
https://www.elevateforhumanity.org/leaderboard,yes,yes,no,no
https://www.elevateforhumanity.org/learner,yes,yes,no,no
https://www.elevateforhumanity.org/learner/dashboard,yes,yes,no,no
https://www.elevateforhumanity.org/learning,yes,yes,no,no
https://www.elevateforhumanity.org/legal,yes,yes,no,no
https://www.elevateforhumanity.org/legal/acceptable-use,yes,yes,no,no
https://www.elevateforhumanity.org/legal/creator-agreement,yes,yes,no,no
https://www.elevateforhumanity.org/legal/disclosures,yes,yes,no,no
https://www.elevateforhumanity.org/legal/eula,yes,yes,no,no
https://www.elevateforhumanity.org/legal/governance,yes,yes,no,no
https://www.elevateforhumanity.org/legal/governance/compliance,yes,yes,no,no
https://www.elevateforhumanity.org/legal/governance/lms,yes,yes,no,no
https://www.elevateforhumanity.org/legal/governance/lms-standards,yes,yes,no,no
https://www.elevateforhumanity.org/legal/governance/onboarding-ux,yes,yes,no,no
https://www.elevateforhumanity.org/legal/governance/platform-overview,yes,yes,no,no
https://www.elevateforhumanity.org/legal/governance/security,yes,yes,no,no
https://www.elevateforhumanity.org/legal/governance/store,yes,yes,no,no
https://www.elevateforhumanity.org/legal/governance/store-payments,yes,yes,no,no
https://www.elevateforhumanity.org/legal/governance/tax-operations,yes,yes,no,no
https://www.elevateforhumanity.org/legal/license-agreement,yes,yes,no,no
https://www.elevateforhumanity.org/legal/marketplace-terms,yes,yes,no,no
https://www.elevateforhumanity.org/legal/mou,yes,yes,no,no
https://www.elevateforhumanity.org/legal/nda,yes,yes,no,no
https://www.elevateforhumanity.org/legal/non-compete,yes,yes,no,no
https://www.elevateforhumanity.org/legal/privacy,yes,yes,no,no
https://www.elevateforhumanity.org/legal/terms,yes,yes,no,no
https://www.elevateforhumanity.org/legal/terms-of-service,yes,yes,no,no
https://www.elevateforhumanity.org/lessons,yes,yes,no,no
https://www.elevateforhumanity.org/license,yes,yes,no,no
https://www.elevateforhumanity.org/license-suspended,yes,yes,no,no
https://www.elevateforhumanity.org/license/demo,yes,yes,no,no
https://www.elevateforhumanity.org/license/features,yes,yes,no,no
https://www.elevateforhumanity.org/license/integrations,yes,yes,no,no
https://www.elevateforhumanity.org/license/onboarding,yes,yes,no,no
https://www.elevateforhumanity.org/license/pricing,yes,yes,no,no
https://www.elevateforhumanity.org/licenses,yes,yes,no,no
https://www.elevateforhumanity.org/licenses/enterprise-review,yes,yes,no,no
https://www.elevateforhumanity.org/licenses/purchase,yes,yes,no,no
https://www.elevateforhumanity.org/licenses/request,yes,yes,no,no
https://www.elevateforhumanity.org/licensing,yes,yes,no,no
https://www.elevateforhumanity.org/licensing-partnerships,yes,yes,no,no
https://www.elevateforhumanity.org/locations,yes,yes,no,no
https://www.elevateforhumanity.org/managed,yes,yes,no,no
https://www.elevateforhumanity.org/marketplace,yes,yes,no,no
https://www.elevateforhumanity.org/marketplace/apply,yes,yes,no,no
https://www.elevateforhumanity.org/marketplace/browse,yes,yes,no,no
https://www.elevateforhumanity.org/marketplace/protection,yes,yes,no,no
https://www.elevateforhumanity.org/marketplace/sell,yes,yes,no,no
https://www.elevateforhumanity.org/marketplace/sellers,yes,yes,no,no
https://www.elevateforhumanity.org/marketplace/thank-you,yes,yes,no,no
https://www.elevateforhumanity.org/messages,yes,yes,no,no
https://www.elevateforhumanity.org/messages/archived,yes,yes,no,no
https://www.elevateforhumanity.org/messages/new,yes,yes,no,no
https://www.elevateforhumanity.org/messages/sent,yes,yes,no,no
https://www.elevateforhumanity.org/micro-classes,yes,yes,no,no
https://www.elevateforhumanity.org/microclasses,yes,yes,no,no
https://www.elevateforhumanity.org/mission,yes,yes,yes,yes
https://www.elevateforhumanity.org/mobile,yes,yes,no,no
https://www.elevateforhumanity.org/mobile-app,yes,yes,no,no
https://www.elevateforhumanity.org/news,yes,yes,no,no
https://www.elevateforhumanity.org/next-steps,yes,yes,no,no
https://www.elevateforhumanity.org/nonprofit,yes,yes,no,no
https://www.elevateforhumanity.org/nonprofit/divorce-counseling,yes,yes,no,no
https://www.elevateforhumanity.org/nonprofit/donations,yes,yes,no,no
https://www.elevateforhumanity.org/nonprofit/healing-products,yes,yes,no,no
https://www.elevateforhumanity.org/nonprofit/meet-the-founder,yes,yes,no,no
https://www.elevateforhumanity.org/nonprofit/mental-wellness,yes,yes,no,no
https://www.elevateforhumanity.org/nonprofit/sign-up,yes,yes,no,no
https://www.elevateforhumanity.org/nonprofit/workshops,yes,yes,no,no
https://www.elevateforhumanity.org/nonprofit/young-adult-wellness,yes,yes,no,no
https://www.elevateforhumanity.org/notifications,yes,yes,no,no
https://www.elevateforhumanity.org/ojt-and-funding,yes,yes,no,no
https://www.elevateforhumanity.org/onboarding,yes,yes,no,no
https://www.elevateforhumanity.org/onboarding/employer,yes,yes,no,no
https://www.elevateforhumanity.org/onboarding/employer/orientation,yes,yes,no,no
https://www.elevateforhumanity.org/onboarding/handbook,yes,yes,no,no
https://www.elevateforhumanity.org/onboarding/learner,yes,yes,no,no
https://www.elevateforhumanity.org/onboarding/legal,yes,yes,no,no
https://www.elevateforhumanity.org/onboarding/mou,yes,yes,no,no
https://www.elevateforhumanity.org/onboarding/partner,yes,yes,no,no
https://www.elevateforhumanity.org/onboarding/payroll-setup,yes,yes,no,no
https://www.elevateforhumanity.org/onboarding/school,yes,yes,no,no
https://www.elevateforhumanity.org/onboarding/staff,yes,yes,no,no
https://www.elevateforhumanity.org/onboarding/staff/orientation,yes,yes,no,no
https://www.elevateforhumanity.org/onboarding/start,yes,yes,no,no
https://www.elevateforhumanity.org/org/create,yes,yes,no,no
https://www.elevateforhumanity.org/org/invites,yes,yes,no,no
https://www.elevateforhumanity.org/orientation,yes,yes,no,no
https://www.elevateforhumanity.org/orientation/competency-test,yes,yes,no,no
https://www.elevateforhumanity.org/orientation/schedule,yes,yes,no,no
https://www.elevateforhumanity.org/outcomes/indiana,yes,yes,yes,yes
https://www.elevateforhumanity.org/parent-portal,yes,yes,no,no
https://www.elevateforhumanity.org/partner,yes,yes,no,no
https://www.elevateforhumanity.org/partner-with-us,yes,yes,no,no
https://www.elevateforhumanity.org/partner/apply,yes,yes,no,no
https://www.elevateforhumanity.org/partner/attendance,yes,yes,no,no
https://www.elevateforhumanity.org/partner/attendance/record,yes,yes,no,no
https://www.elevateforhumanity.org/partner/courses/create,yes,yes,no,no
https://www.elevateforhumanity.org/partner/documents,yes,yes,no,no
https://www.elevateforhumanity.org/partner/hours,yes,yes,no,no
https://www.elevateforhumanity.org/partner/hours/pending,yes,yes,no,no
https://www.elevateforhumanity.org/partner/login,yes,yes,yes,yes
https://www.elevateforhumanity.org/partner/onboarding,yes,yes,no,no
https://www.elevateforhumanity.org/partner/onboarding/success,yes,yes,no,no
https://www.elevateforhumanity.org/partner/programs/barber,yes,yes,no,no
https://www.elevateforhumanity.org/partner/reports,yes,yes,no,no
https://www.elevateforhumanity.org/partner/settings,yes,yes,no,no
https://www.elevateforhumanity.org/partners,yes,yes,no,no
https://www.elevateforhumanity.org/partners/attendance,yes,yes,no,no
https://www.elevateforhumanity.org/partners/barber-shop,yes,yes,no,no
https://www.elevateforhumanity.org/partners/barbershop-apprenticeship,yes,yes,no,no
https://www.elevateforhumanity.org/partners/barbershop-apprenticeship/apply,yes,yes,no,no
https://www.elevateforhumanity.org/partners/barbershop-apprenticeship/thank-you,yes,yes,no,no
https://www.elevateforhumanity.org/partners/careersafe,yes,yes,no,no
https://www.elevateforhumanity.org/partners/compliance,yes,yes,no,no
https://www.elevateforhumanity.org/partners/create-program,yes,yes,no,no
https://www.elevateforhumanity.org/partners/documents,yes,yes,no,no
https://www.elevateforhumanity.org/partners/hsi,yes,yes,no,no
https://www.elevateforhumanity.org/partners/join,yes,yes,no,no
https://www.elevateforhumanity.org/partners/jri,yes,yes,no,no
https://www.elevateforhumanity.org/partners/login,yes,yes,no,no
https://www.elevateforhumanity.org/partners/mou,yes,yes,no,no
https://www.elevateforhumanity.org/partners/nrf,yes,yes,no,no
https://www.elevateforhumanity.org/partners/portal,yes,yes,no,no
https://www.elevateforhumanity.org/partners/reentry,yes,yes,no,no
https://www.elevateforhumanity.org/partners/reports/weekly,yes,yes,no,no
https://www.elevateforhumanity.org/partners/resources,yes,yes,no,no
https://www.elevateforhumanity.org/partners/sales,yes,yes,no,no
https://www.elevateforhumanity.org/partners/students,yes,yes,no,no
https://www.elevateforhumanity.org/partners/support,yes,yes,no,no
https://www.elevateforhumanity.org/partners/technology,yes,yes,no,no
https://www.elevateforhumanity.org/partners/training,yes,yes,no,no
https://www.elevateforhumanity.org/partners/training-provider,yes,yes,no,no
https://www.elevateforhumanity.org/partners/workforce,yes,yes,no,no
https://www.elevateforhumanity.org/pathways,yes,yes,no,no
https://www.elevateforhumanity.org/philanthropy,yes,yes,no,no
https://www.elevateforhumanity.org/platform,yes,yes,no,no
https://www.elevateforhumanity.org/platform/apps,yes,yes,no,no
https://www.elevateforhumanity.org/platform/architecture,yes,yes,no,no
https://www.elevateforhumanity.org/platform/employer-portal,yes,yes,no,no
https://www.elevateforhumanity.org/platform/enterprise,yes,yes,no,no
https://www.elevateforhumanity.org/platform/how-it-works,yes,yes,no,no
https://www.elevateforhumanity.org/platform/licensing,yes,yes,no,no
https://www.elevateforhumanity.org/platform/licensing/request,yes,yes,no,no
https://www.elevateforhumanity.org/platform/managed,yes,yes,no,no
https://www.elevateforhumanity.org/platform/overview,yes,yes,no,no
https://www.elevateforhumanity.org/platform/partner-portal,yes,yes,no,no
https://www.elevateforhumanity.org/platform/partners,yes,yes,no,no
https://www.elevateforhumanity.org/platform/program-holders,yes,yes,no,no
https://www.elevateforhumanity.org/platform/sponsors,yes,yes,no,no
https://www.elevateforhumanity.org/platform/student-portal,yes,yes,no,no
https://www.elevateforhumanity.org/platform/student-portal/handbook,yes,yes,no,no
https://www.elevateforhumanity.org/platform/training-providers,yes,yes,no,no
https://www.elevateforhumanity.org/platform/workforce-analytics,yes,yes,no,no
https://www.elevateforhumanity.org/platform/workforce-boards,yes,yes,no,no
https://www.elevateforhumanity.org/policies,yes,yes,no,no
https://www.elevateforhumanity.org/policies/academic-integrity,yes,yes,no,no
https://www.elevateforhumanity.org/policies/acceptable-use,yes,yes,no,no
https://www.elevateforhumanity.org/policies/admissions,yes,yes,no,no
https://www.elevateforhumanity.org/policies/ai-usage,yes,yes,no,no
https://www.elevateforhumanity.org/policies/attendance,yes,yes,no,no
https://www.elevateforhumanity.org/policies/community-guidelines,yes,yes,no,no
https://www.elevateforhumanity.org/policies/content,yes,yes,no,no
https://www.elevateforhumanity.org/policies/copyright,yes,yes,no,no
https://www.elevateforhumanity.org/policies/credentials,yes,yes,no,no
https://www.elevateforhumanity.org/policies/data-retention,yes,yes,no,no
https://www.elevateforhumanity.org/policies/disaster-recovery,yes,yes,no,no
https://www.elevateforhumanity.org/policies/disaster-recovery-test,yes,yes,no,no
https://www.elevateforhumanity.org/policies/dr-test-report,yes,yes,no,no
https://www.elevateforhumanity.org/policies/editorial,yes,yes,no,no
https://www.elevateforhumanity.org/policies/federal-compliance,yes,yes,no,no
https://www.elevateforhumanity.org/policies/ferpa,yes,yes,no,no
https://www.elevateforhumanity.org/policies/funding-verification,yes,yes,no,no
https://www.elevateforhumanity.org/policies/grant-application,yes,yes,no,no
https://www.elevateforhumanity.org/policies/grievance,yes,yes,no,no
https://www.elevateforhumanity.org/policies/incident-response,yes,yes,no,no
https://www.elevateforhumanity.org/policies/jri,yes,yes,no,no
https://www.elevateforhumanity.org/policies/moderation,yes,yes,no,no
https://www.elevateforhumanity.org/policies/privacy,yes,yes,no,no
https://www.elevateforhumanity.org/policies/privacy-notice,yes,yes,no,no
https://www.elevateforhumanity.org/policies/progress,yes,yes,no,no
https://www.elevateforhumanity.org/policies/response-sla,yes,yes,no,no
https://www.elevateforhumanity.org/policies/revocation,yes,yes,no,no
https://www.elevateforhumanity.org/policies/sam-gov-eligibility,yes,yes,no,no
https://www.elevateforhumanity.org/policies/sla,yes,yes,no,no
https://www.elevateforhumanity.org/policies/student-code,yes,yes,no,no
https://www.elevateforhumanity.org/policies/terms,yes,yes,no,no
https://www.elevateforhumanity.org/policies/verification,yes,yes,no,no
https://www.elevateforhumanity.org/policies/wioa,yes,yes,no,no
https://www.elevateforhumanity.org/policies/wrg,yes,yes,no,no
https://www.elevateforhumanity.org/press,yes,yes,no,no
https://www.elevateforhumanity.org/pricing,yes,yes,no,no
https://www.elevateforhumanity.org/pricing/build,yes,yes,no,no
https://www.elevateforhumanity.org/pricing/independent,yes,yes,no,no
https://www.elevateforhumanity.org/pricing/platform,yes,yes,no,no
https://www.elevateforhumanity.org/pricing/program-holder,yes,yes,no,no
https://www.elevateforhumanity.org/pricing/sponsor-licensing,yes,yes,no,no
https://www.elevateforhumanity.org/privacy,yes,yes,no,no
https://www.elevateforhumanity.org/privacy-policy,yes,yes,yes,yes
https://www.elevateforhumanity.org/program-holder,yes,yes,no,no
https://www.elevateforhumanity.org/program-holder/analytics,yes,yes,no,no
https://www.elevateforhumanity.org/program-holder/campaigns,yes,yes,no,no
https://www.elevateforhumanity.org/program-holder/compliance,yes,yes,no,no
https://www.elevateforhumanity.org/program-holder/courses/create,yes,yes,no,no
https://www.elevateforhumanity.org/program-holder/dashboard,yes,yes,no,no
https://www.elevateforhumanity.org/program-holder/documentation,yes,yes,no,no
https://www.elevateforhumanity.org/program-holder/documents,yes,yes,no,no
https://www.elevateforhumanity.org/program-holder/documents/upload,yes,yes,no,no
https://www.elevateforhumanity.org/program-holder/grades,yes,yes,no,no
https://www.elevateforhumanity.org/program-holder/handbook,yes,yes,no,no
https://www.elevateforhumanity.org/program-holder/how-to-use,yes,yes,no,no
https://www.elevateforhumanity.org/program-holder/mou,yes,yes,no,no
https://www.elevateforhumanity.org/program-holder/notifications,yes,yes,no,no
https://www.elevateforhumanity.org/program-holder/onboarding,yes,yes,no,no
https://www.elevateforhumanity.org/program-holder/onboarding/setup,yes,yes,no,no
https://www.elevateforhumanity.org/program-holder/programs,yes,yes,no,no
https://www.elevateforhumanity.org/program-holder/reports,yes,yes,no,no
https://www.elevateforhumanity.org/program-holder/reports/new,yes,yes,no,no
https://www.elevateforhumanity.org/program-holder/rights-responsibilities,yes,yes,no,no
https://www.elevateforhumanity.org/program-holder/settings,yes,yes,no,no
https://www.elevateforhumanity.org/program-holder/settings/notifications,yes,yes,no,no
https://www.elevateforhumanity.org/program-holder/sign-mou,yes,yes,no,no
https://www.elevateforhumanity.org/program-holder/students,yes,yes,no,no
https://www.elevateforhumanity.org/program-holder/students/at-risk,yes,yes,no,no
https://www.elevateforhumanity.org/program-holder/students/pending,yes,yes,no,no
https://www.elevateforhumanity.org/program-holder/support,yes,yes,no,no
https://www.elevateforhumanity.org/program-holder/training,yes,yes,no,no
https://www.elevateforhumanity.org/program-holder/verification,yes,yes,no,no
https://www.elevateforhumanity.org/program-holder/verify-identity,yes,yes,no,no
https://www.elevateforhumanity.org/programs,yes,yes,yes,yes
https://www.elevateforhumanity.org/programs/admin,yes,yes,no,no
https://www.elevateforhumanity.org/programs/admin/courses/create,yes,yes,no,no
https://www.elevateforhumanity.org/programs/admin/dashboard,yes,yes,no,no
https://www.elevateforhumanity.org/programs/admin/grades,yes,yes,no,no
https://www.elevateforhumanity.org/programs/admin/how-to-use,yes,yes,no,no
https://www.elevateforhumanity.org/programs/admin/mou,yes,yes,no,no
https://www.elevateforhumanity.org/programs/admin/portal,yes,yes,no,no
https://www.elevateforhumanity.org/programs/admin/portal/attendance,yes,yes,no,no
https://www.elevateforhumanity.org/programs/admin/portal/live-qa,yes,yes,no,no
https://www.elevateforhumanity.org/programs/admin/portal/messages,yes,yes,no,no
https://www.elevateforhumanity.org/programs/admin/portal/reports,yes,yes,no,no
https://www.elevateforhumanity.org/programs/admin/portal/students,yes,yes,no,no
https://www.elevateforhumanity.org/programs/admin/settings,yes,yes,no,no
https://www.elevateforhumanity.org/programs/admin/sign-mou,yes,yes,no,no
https://www.elevateforhumanity.org/programs/admin/training,yes,yes,no,no
https://www.elevateforhumanity.org/programs/apprenticeships,yes,yes,no,no
https://www.elevateforhumanity.org/programs/barber-apprenticeship,yes,yes,yes,yes
https://www.elevateforhumanity.org/programs/barber-apprenticeship/apply,yes,yes,no,no
https://www.elevateforhumanity.org/programs/barber-apprenticeship/apply/success,yes,yes,no,no
https://www.elevateforhumanity.org/programs/barber-apprenticeship/documents,yes,yes,no,no
https://www.elevateforhumanity.org/programs/barber-apprenticeship/eligibility,yes,yes,no,no
https://www.elevateforhumanity.org/programs/barber-apprenticeship/enrollment-success,yes,yes,no,no
https://www.elevateforhumanity.org/programs/barber-apprenticeship/host-shops,yes,yes,no,no
https://www.elevateforhumanity.org/programs/barber-apprenticeship/inquiry,yes,yes,no,no
https://www.elevateforhumanity.org/programs/barber-apprenticeship/orientation,yes,yes,no,no
https://www.elevateforhumanity.org/programs/beauty,yes,yes,no,no
https://www.elevateforhumanity.org/programs/business,yes,yes,no,no
https://www.elevateforhumanity.org/programs/cdl-training,yes,yes,yes,yes
https://www.elevateforhumanity.org/programs/cdl-transportation,yes,yes,no,no
https://www.elevateforhumanity.org/programs/cna-certification,yes,yes,yes,yes
https://www.elevateforhumanity.org/programs/cna-certification/enroll,yes,yes,no,no
https://www.elevateforhumanity.org/programs/cosmetology-apprenticeship,yes,yes,yes,yes
https://www.elevateforhumanity.org/programs/cosmetology-apprenticeship/apply,yes,yes,no,no
https://www.elevateforhumanity.org/programs/cosmetology-apprenticeship/apply/success,yes,yes,no,no
https://www.elevateforhumanity.org/programs/cosmetology-apprenticeship/documents,yes,yes,no,no
https://www.elevateforhumanity.org/programs/cosmetology-apprenticeship/eligibility,yes,yes,no,no
https://www.elevateforhumanity.org/programs/cosmetology-apprenticeship/enrollment-success,yes,yes,no,no
https://www.elevateforhumanity.org/programs/cosmetology-apprenticeship/inquiry,yes,yes,no,no
https://www.elevateforhumanity.org/programs/cosmetology-apprenticeship/orientation,yes,yes,no,no
https://www.elevateforhumanity.org/programs/cpr-first-aid-hsi,yes,yes,yes,yes
https://www.elevateforhumanity.org/programs/cpr-first-aid-hsi/apply,yes,yes,no,no
https://www.elevateforhumanity.org/programs/culinary-apprenticeship,yes,yes,no,no
https://www.elevateforhumanity.org/programs/culinary-apprenticeship/apply,yes,yes,no,no
https://www.elevateforhumanity.org/programs/diesel-mechanic,yes,yes,no,no
https://www.elevateforhumanity.org/programs/direct-support-professional,yes,yes,no,no
https://www.elevateforhumanity.org/programs/electrical,yes,yes,no,no
https://www.elevateforhumanity.org/programs/electrical/apply,yes,yes,no,no
https://www.elevateforhumanity.org/programs/federal-funded,yes,yes,no,no
https://www.elevateforhumanity.org/programs/healthcare,yes,yes,yes,yes
https://www.elevateforhumanity.org/programs/hvac-technician,yes,yes,yes,yes
https://www.elevateforhumanity.org/programs/jri,yes,yes,no,no
https://www.elevateforhumanity.org/programs/medical-assistant,yes,yes,yes,yes
https://www.elevateforhumanity.org/programs/medical-assistant/apply,yes,yes,no,no
https://www.elevateforhumanity.org/programs/micro-programs,yes,yes,no,no
https://www.elevateforhumanity.org/programs/nail-technician-apprenticeship,yes,yes,no,no
https://www.elevateforhumanity.org/programs/nail-technician-apprenticeship/documents,yes,yes,no,no
https://www.elevateforhumanity.org/programs/nail-technician-apprenticeship/enrollment-success,yes,yes,no,no
https://www.elevateforhumanity.org/programs/nail-technician-apprenticeship/orientation,yes,yes,no,no
https://www.elevateforhumanity.org/programs/plumbing,yes,yes,no,no
https://www.elevateforhumanity.org/programs/plumbing/apply,yes,yes,no,no
https://www.elevateforhumanity.org/programs/sanitation-infection-control,yes,yes,no,no
https://www.elevateforhumanity.org/programs/sanitation-infection-control/apply,yes,yes,no,no
https://www.elevateforhumanity.org/programs/skilled-trades,yes,yes,yes,yes
https://www.elevateforhumanity.org/programs/tax-entrepreneurship,yes,yes,no,no
https://www.elevateforhumanity.org/programs/technology,yes,yes,yes,yes
https://www.elevateforhumanity.org/programs/technology/cybersecurity,yes,yes,no,no
https://www.elevateforhumanity.org/programs/technology/it-support,yes,yes,no,no
https://www.elevateforhumanity.org/programs/technology/web-development,yes,yes,no,no
https://www.elevateforhumanity.org/programs/welding,yes,yes,no,no
https://www.elevateforhumanity.org/programs/welding/apply,yes,yes,no,no
https://www.elevateforhumanity.org/pwa,yes,yes,no,no
https://www.elevateforhumanity.org/pwa/barber,yes,yes,no,no
https://www.elevateforhumanity.org/pwa/barber/checkin,yes,yes,no,no
https://www.elevateforhumanity.org/pwa/barber/enroll,yes,yes,no,no
https://www.elevateforhumanity.org/pwa/barber/history,yes,yes,no,no
https://www.elevateforhumanity.org/pwa/barber/hours/submit,yes,yes,no,no
https://www.elevateforhumanity.org/pwa/barber/log-hours,yes,yes,no,no
https://www.elevateforhumanity.org/pwa/barber/milestones,yes,yes,no,no
https://www.elevateforhumanity.org/pwa/barber/notifications,yes,yes,no,no
https://www.elevateforhumanity.org/pwa/barber/onboarding,yes,yes,no,no
https://www.elevateforhumanity.org/pwa/barber/profile,yes,yes,no,no
https://www.elevateforhumanity.org/pwa/barber/progress,yes,yes,no,no
https://www.elevateforhumanity.org/pwa/barber/reports,yes,yes,no,no
https://www.elevateforhumanity.org/pwa/barber/reports/export,yes,yes,no,no
https://www.elevateforhumanity.org/pwa/barber/settings,yes,yes,no,no
https://www.elevateforhumanity.org/pwa/barber/state-board,yes,yes,no,no
https://www.elevateforhumanity.org/pwa/barber/training,yes,yes,no,no
https://www.elevateforhumanity.org/pwa/barber/weekly-summary,yes,yes,no,no
https://www.elevateforhumanity.org/pwa/shop-owner,yes,yes,no,no
https://www.elevateforhumanity.org/pwa/shop-owner/apprentices,yes,yes,no,no
https://www.elevateforhumanity.org/pwa/shop-owner/approve-hours,yes,yes,no,no
https://www.elevateforhumanity.org/pwa/shop-owner/checkin,yes,yes,no,no
https://www.elevateforhumanity.org/pwa/shop-owner/log-hours,yes,yes,no,no
https://www.elevateforhumanity.org/pwa/shop-owner/notifications,yes,yes,no,no
https://www.elevateforhumanity.org/pwa/shop-owner/progress,yes,yes,no,no
https://www.elevateforhumanity.org/pwa/shop-owner/register,yes,yes,no,no
https://www.elevateforhumanity.org/pwa/shop-owner/reports,yes,yes,no,no
https://www.elevateforhumanity.org/pwa/shop-owner/settings,yes,yes,no,no
https://www.elevateforhumanity.org/pwa/shop-owner/settings/shop,yes,yes,no,no
https://www.elevateforhumanity.org/pwa/shop-owner/verify,yes,yes,no,no
https://www.elevateforhumanity.org/pwa/shop-owner/weekly-report,yes,yes,no,no
https://www.elevateforhumanity.org/reels,yes,yes,no,no
https://www.elevateforhumanity.org/refund-advance,yes,yes,no,no
https://www.elevateforhumanity.org/refund-policy,yes,yes,no,no
https://www.elevateforhumanity.org/resources,yes,yes,no,no
https://www.elevateforhumanity.org/rise,yes,yes,no,no
https://www.elevateforhumanity.org/rise-foundation,yes,yes,no,no
https://www.elevateforhumanity.org/rise-foundation/addiction-rehabilitation,yes,yes,no,no
https://www.elevateforhumanity.org/rise-foundation/divorce-support,yes,yes,no,no
https://www.elevateforhumanity.org/rise-foundation/donate,yes,yes,no,no
https://www.elevateforhumanity.org/rise-foundation/events,yes,yes,no,no
https://www.elevateforhumanity.org/rise-foundation/get-involved,yes,yes,no,no
https://www.elevateforhumanity.org/rise-foundation/programs,yes,yes,no,no
https://www.elevateforhumanity.org/rise-foundation/trauma-recovery,yes,yes,no,no
https://www.elevateforhumanity.org/rise/apply,yes,yes,no,no
https://www.elevateforhumanity.org/rise/programs,yes,yes,no,no
https://www.elevateforhumanity.org/satisfactory-academic-progress,yes,yes,no,no
https://www.elevateforhumanity.org/schedule,yes,yes,no,no
https://www.elevateforhumanity.org/schedule/meeting,yes,yes,no,no
https://www.elevateforhumanity.org/scholarships,yes,yes,yes,yes
https://www.elevateforhumanity.org/search,yes,yes,no,no
https://www.elevateforhumanity.org/security,yes,yes,no,no
https://www.elevateforhumanity.org/selfish-inc,yes,yes,no,no
https://www.elevateforhumanity.org/serene-comfort-care,yes,yes,no,no
https://www.elevateforhumanity.org/services,yes,yes,no,no
https://www.elevateforhumanity.org/share,yes,yes,no,no
https://www.elevateforhumanity.org/shop,yes,yes,no,no
https://www.elevateforhumanity.org/shop/apply,yes,yes,no,no
https://www.elevateforhumanity.org/shop/cart,yes,yes,no,no
https://www.elevateforhumanity.org/shop/checkout,yes,yes,no,no
https://www.elevateforhumanity.org/shop/dashboard,yes,yes,no,no
https://www.elevateforhumanity.org/shop/onboarding,yes,yes,no,no
https://www.elevateforhumanity.org/shop/onboarding/documents,yes,yes,no,no
https://www.elevateforhumanity.org/shop/orders,yes,yes,no,no
https://www.elevateforhumanity.org/shop/products,yes,yes,no,no
https://www.elevateforhumanity.org/shop/products/new,yes,yes,no,no
https://www.elevateforhumanity.org/shop/reports,yes,yes,no,no
https://www.elevateforhumanity.org/shop/reports/new,yes,yes,no,no
https://www.elevateforhumanity.org/shop/seller,yes,yes,no,no
https://www.elevateforhumanity.org/shop/seller/register,yes,yes,no,no
https://www.elevateforhumanity.org/site-map,yes,yes,no,no
https://www.elevateforhumanity.org/snap-et-partner,yes,yes,no,no
https://www.elevateforhumanity.org/social,yes,yes,no,no
https://www.elevateforhumanity.org/solutions,yes,yes,no,no
https://www.elevateforhumanity.org/solutions/distance-learning,yes,yes,no,no
https://www.elevateforhumanity.org/solutions/higher-ed,yes,yes,no,no
https://www.elevateforhumanity.org/solutions/k12,yes,yes,no,no
https://www.elevateforhumanity.org/start,yes,yes,no,no
https://www.elevateforhumanity.org/status,yes,yes,no,no
https://www.elevateforhumanity.org/store,yes,yes,no,no
https://www.elevateforhumanity.org/store/add-ons,yes,yes,no,no
https://www.elevateforhumanity.org/store/add-ons/analytics-pro,yes,yes,no,no
https://www.elevateforhumanity.org/store/add-ons/community-hub,yes,yes,no,no
https://www.elevateforhumanity.org/store/add-ons/community-hub/checkout,yes,yes,no,no
https://www.elevateforhumanity.org/store/add-ons/compliance-automation,yes,yes,no,no
https://www.elevateforhumanity.org/store/ai-studio,yes,yes,no,no
https://www.elevateforhumanity.org/store/ai-studio/checkout,yes,yes,no,no
https://www.elevateforhumanity.org/store/ai-studio/demo,yes,yes,no,no
https://www.elevateforhumanity.org/store/apps,yes,yes,no,no
https://www.elevateforhumanity.org/store/apps/grants,yes,yes,no,no
https://www.elevateforhumanity.org/store/apps/sam-gov,yes,yes,no,no
https://www.elevateforhumanity.org/store/apps/website-builder,yes,yes,no,no
https://www.elevateforhumanity.org/store/cart,yes,yes,no,no
https://www.elevateforhumanity.org/store/categories,yes,yes,no,no
https://www.elevateforhumanity.org/store/checkout,yes,yes,no,no
https://www.elevateforhumanity.org/store/checkout/cancel,yes,yes,no,no
https://www.elevateforhumanity.org/store/checkout/success,yes,yes,no,no
https://www.elevateforhumanity.org/store/compliance,yes,yes,no,no
https://www.elevateforhumanity.org/store/compliance/ferpa,yes,yes,no,no
https://www.elevateforhumanity.org/store/compliance/grant-reporting,yes,yes,no,no
https://www.elevateforhumanity.org/store/compliance/wcag,yes,yes,no,no
https://www.elevateforhumanity.org/store/compliance/wioa,yes,yes,no,no
https://www.elevateforhumanity.org/store/courses,yes,yes,no,no
https://www.elevateforhumanity.org/store/demo,yes,yes,no,no
https://www.elevateforhumanity.org/store/demo/admin,yes,yes,no,no
https://www.elevateforhumanity.org/store/demo/core,yes,yes,no,no
https://www.elevateforhumanity.org/store/demo/employer,yes,yes,no,no
https://www.elevateforhumanity.org/store/demo/enterprise,yes,yes,no,no
https://www.elevateforhumanity.org/store/demo/institutional,yes,yes,no,no
https://www.elevateforhumanity.org/store/demo/instructor,yes,yes,no,no
https://www.elevateforhumanity.org/store/demo/student,yes,yes,no,no
https://www.elevateforhumanity.org/store/deployment,yes,yes,no,no
https://www.elevateforhumanity.org/store/digital,yes,yes,no,no
https://www.elevateforhumanity.org/store/digital/grant-guide,yes,yes,no,no
https://www.elevateforhumanity.org/store/guides,yes,yes,no,no
https://www.elevateforhumanity.org/store/guides/capital-readiness,yes,yes,no,no
https://www.elevateforhumanity.org/store/guides/capital-readiness/enterprise,yes,yes,no,no
https://www.elevateforhumanity.org/store/guides/capital-readiness/slides,yes,yes,no,no
https://www.elevateforhumanity.org/store/guides/licensing,yes,yes,no,no
https://www.elevateforhumanity.org/store/integrations,yes,yes,no,no
https://www.elevateforhumanity.org/store/licenses,yes,yes,no,no
https://www.elevateforhumanity.org/store/licenses/checkout/managed,yes,yes,no,no
https://www.elevateforhumanity.org/store/licenses/enterprise-license,yes,yes,no,no
https://www.elevateforhumanity.org/store/licenses/managed,yes,yes,no,no
https://www.elevateforhumanity.org/store/licenses/managed-platform,yes,yes,no,no
https://www.elevateforhumanity.org/store/licenses/pro-license,yes,yes,no,no
https://www.elevateforhumanity.org/store/licenses/pro-license/trial,yes,yes,no,no
https://www.elevateforhumanity.org/store/licenses/school-license,yes,yes,no,no
https://www.elevateforhumanity.org/store/licenses/source-use,yes,yes,no,no
https://www.elevateforhumanity.org/store/licenses/starter-license,yes,yes,no,no
https://www.elevateforhumanity.org/store/licenses/success,yes,yes,no,no
https://www.elevateforhumanity.org/store/licenses/trial-success,yes,yes,no,no
https://www.elevateforhumanity.org/store/orders,yes,yes,no,no
https://www.elevateforhumanity.org/store/products,yes,yes,no,no
https://www.elevateforhumanity.org/store/request-license,yes,yes,no,no
https://www.elevateforhumanity.org/store/sam-gov-assistant,yes,yes,no,no
https://www.elevateforhumanity.org/store/subscriptions,yes,yes,no,no
https://www.elevateforhumanity.org/store/success,yes,yes,no,no
https://www.elevateforhumanity.org/store/trial,yes,yes,no,no
https://www.elevateforhumanity.org/store/white-label,yes,yes,no,no
https://www.elevateforhumanity.org/suboffice-onboarding,yes,yes,no,no
https://www.elevateforhumanity.org/suboffice-onboarding/apply,yes,yes,no,no
https://www.elevateforhumanity.org/success,yes,yes,no,no
https://www.elevateforhumanity.org/support,yes,yes,yes,yes
https://www.elevateforhumanity.org/support/chat,yes,yes,no,no
https://www.elevateforhumanity.org/support/contact,yes,yes,no,no
https://www.elevateforhumanity.org/support/documentation,yes,yes,no,no
https://www.elevateforhumanity.org/support/help,yes,yes,no,no
https://www.elevateforhumanity.org/support/ticket,yes,yes,no,no
https://www.elevateforhumanity.org/syllabi,yes,yes,no,no
https://www.elevateforhumanity.org/tax,yes,yes,no,no
https://www.elevateforhumanity.org/tax-faq,yes,yes,no,no
https://www.elevateforhumanity.org/tax-preparation,yes,yes,no,no
https://www.elevateforhumanity.org/tax-self-prep,yes,yes,no,no
https://www.elevateforhumanity.org/tax-self-prep/start,yes,yes,no,no
https://www.elevateforhumanity.org/tax/book-appointment,yes,yes,no,no
https://www.elevateforhumanity.org/tax/free,yes,yes,no,no
https://www.elevateforhumanity.org/tax/professional,yes,yes,no,no
https://www.elevateforhumanity.org/tax/rise-up-foundation,yes,yes,no,no
https://www.elevateforhumanity.org/tax/rise-up-foundation/documents,yes,yes,no,no
https://www.elevateforhumanity.org/tax/rise-up-foundation/faq,yes,yes,no,no
https://www.elevateforhumanity.org/tax/rise-up-foundation/free-tax-help,yes,yes,no,no
https://www.elevateforhumanity.org/tax/rise-up-foundation/site-locator,yes,yes,no,no
https://www.elevateforhumanity.org/tax/rise-up-foundation/training,yes,yes,no,no
https://www.elevateforhumanity.org/tax/rise-up-foundation/volunteer,yes,yes,no,no
https://www.elevateforhumanity.org/tax/supersonicfastcash,yes,yes,no,no
https://www.elevateforhumanity.org/tax/supersonicfastcash/documents,yes,yes,no,no
https://www.elevateforhumanity.org/tax/supersonicfastcash/faq,yes,yes,no,no
https://www.elevateforhumanity.org/tax/supersonicfastcash/pricing,yes,yes,no,no
https://www.elevateforhumanity.org/tax/supersonicfastcash/services,yes,yes,no,no
https://www.elevateforhumanity.org/tax/upload,yes,yes,no,no
https://www.elevateforhumanity.org/tax/volunteer,yes,yes,no,no
https://www.elevateforhumanity.org/team,yes,yes,no,no
https://www.elevateforhumanity.org/terms,yes,yes,no,no
https://www.elevateforhumanity.org/terms-of-service,yes,yes,yes,yes
https://www.elevateforhumanity.org/thankyou,yes,yes,no,no
https://www.elevateforhumanity.org/training,yes,yes,no,no
https://www.elevateforhumanity.org/training-providers,yes,yes,no,no
https://www.elevateforhumanity.org/training/certifications,yes,yes,no,no
https://www.elevateforhumanity.org/training/learning-center,yes,yes,no,no
https://www.elevateforhumanity.org/transparency,yes,yes,no,no
https://www.elevateforhumanity.org/tuition,yes,yes,no,no
https://www.elevateforhumanity.org/tuition-fees,yes,yes,yes,yes
https://www.elevateforhumanity.org/tutoring,yes,yes,no,no
https://www.elevateforhumanity.org/updates,yes,yes,no,no
https://www.elevateforhumanity.org/updates/2026/01/program-calendar,yes,yes,no,no
https://www.elevateforhumanity.org/urban-build-crew,yes,yes,no,no
https://www.elevateforhumanity.org/verify,yes,yes,yes,yes
https://www.elevateforhumanity.org/verify-credential,yes,yes,no,no
https://www.elevateforhumanity.org/verify-credentials,yes,yes,no,no
https://www.elevateforhumanity.org/videos,yes,yes,no,no
https://www.elevateforhumanity.org/volunteer,yes,yes,no,no
https://www.elevateforhumanity.org/volunteer/apply,yes,yes,no,no
https://www.elevateforhumanity.org/webinars,yes,yes,no,no
https://www.elevateforhumanity.org/what-we-do,yes,yes,no,no
https://www.elevateforhumanity.org/what-we-offer,yes,yes,no,no
https://www.elevateforhumanity.org/white-label,yes,yes,no,no
https://www.elevateforhumanity.org/wioa-eligibility,yes,yes,yes,yes
https://www.elevateforhumanity.org/wioa-eligibility/low-income,yes,yes,no,no
https://www.elevateforhumanity.org/wioa-eligibility/public-assistance,yes,yes,no,no
https://www.elevateforhumanity.org/wioa-eligibility/veterans,yes,yes,no,no
https://www.elevateforhumanity.org/workbooks,yes,yes,no,no
https://www.elevateforhumanity.org/workforce-board,yes,yes,no,no
https://www.elevateforhumanity.org/workforce-board/dashboard,yes,yes,no,no
https://www.elevateforhumanity.org/workforce-board/eligibility,yes,yes,no,no
https://www.elevateforhumanity.org/workforce-board/employment,yes,yes,no,no
https://www.elevateforhumanity.org/workforce-board/follow-ups,yes,yes,no,no
https://www.elevateforhumanity.org/workforce-board/participants,yes,yes,no,no
https://www.elevateforhumanity.org/workforce-board/reports,yes,yes,no,no
https://www.elevateforhumanity.org/workforce-board/reports/performance,yes,yes,no,no
https://www.elevateforhumanity.org/workforce-board/supportive-services,yes,yes,no,no
https://www.elevateforhumanity.org/workforce-board/training,yes,yes,no,no
https://www.elevateforhumanity.org/workforce-partners,yes,yes,no,no
https://www.elevateforhumanity.org/workone-partner-packet,yes,yes,no,no
https://www.elevateforhumanity.org/writing-center,yes,yes,no,no
